{"class_name": "PinholeCameraTrajectory", "parameters": [{"class_name": "PinholeCameraParameters", "extrinsic": [0.9999980764733611, 0.0009764447467680046, -0.0017010600325060026, 0.0, -0.0009781272710836825, 0.9999990330150754, -0.0009885524537809726, 0.0, 0.0017000931207561973, 0.0009902144054815386, 0.9999980645775324, 0.0, 0.005525686413488531, -0.0036711520315997914, 0.0027369515178983523, 1.0], "intrinsic": {"height": 480, "intrinsic_matrix": [594.64318848, 0.0, 0.0, 0.0, 594.51861572, 0.0, 326.84893799, 236.47299194, 1.0], "width": 640}}, {"class_name": "PinholeCameraParameters", "extrinsic": [0.8447307510570532, 0.0053075724270759675, -0.5351651968257265, 0.0, -0.03560653658119249, 0.9982926743039406, -0.04630238637239506, 0.0, 0.5340057422643311, 0.05816842877384343, 0.8434775048113041, 0.0, -0.09708337438502787, -0.013180376725626873, 0.046578950401764706, 1.0], "intrinsic": {"height": 480, "intrinsic_matrix": [594.64318848, 0.0, 0.0, 0.0, 594.51861572, 0.0, 326.84893799, 236.47299194, 1.0], "width": 640}}, {"class_name": "PinholeCameraParameters", "extrinsic": [0.4605788639352678, 0.06200796706753326, -0.8854502369508124, 0.0, -0.04488164372187264, 0.9979077579718013, 0.04653756156606347, 0.0, 0.8864833603361779, 0.018306244831858977, 0.46239824096468546, 0.0, -0.15489542357655506, -0.012342813592075185, 0.14521308017323203, 1.0], "intrinsic": {"height": 480, "intrinsic_matrix": [594.64318848, 0.0, 0.0, 0.0, 594.51861572, 0.0, 326.84893799, 236.47299194, 1.0], "width": 640}}, {"class_name": "PinholeCameraParameters", "extrinsic": [-0.006031749995394849, 0.13662834406945368, -0.9906040145228729, 0.0, -0.039558791492579515, 0.9898139902767752, 0.13676025251517804, 0.0, 0.9991990392347458, 0.04001200131470121, -0.000565458356273788, 0.0, -0.17089652714518747, -0.0262430631577551, 0.25607738308060085, 1.0], "intrinsic": {"height": 480, "intrinsic_matrix": [594.64318848, 0.0, 0.0, 0.0, 594.51861572, 0.0, 326.84893799, 236.47299194, 1.0], "width": 640}}]}