{"class_name": "PinholeCameraTrajectory", "parameters": [{"class_name": "PinholeCameraParameters", "extrinsic": [0.9998628425973972, -0.016476093531566035, -0.0016835483336158233, 0.0, 0.011212076273754664, 0.7481975543564374, -0.6633812697089628, 0.0, 0.012189558592666135, 0.663271405984747, 0.7482796647406178, 0.0, 0.013387822888741421, -0.6887479764631282, -0.6886681957305437, 1.0], "intrinsic": {"height": 480, "intrinsic_matrix": [594.6319, 0.0, 0.0, 0.0, 594.5186, 0.0, 326.8489, 236.473, 1.0], "width": 640}}, {"class_name": "PinholeCameraParameters", "extrinsic": [0.8452235142203609, -0.012115845437227546, -0.5342756005081319, 0.0, -0.369465025410089, 0.7090889432348415, -0.6005734472825269, 0.0, 0.3861253760214495, 0.7050149479773014, 0.594862267353425, 0.0, -0.4369370446174644, -0.738494275719617, -0.5120486294072449, 1.0], "intrinsic": {"height": 480, "intrinsic_matrix": [594.6319, 0.0, 0.0, 0.0, 594.5186, 0.0, 326.8489, 236.473, 1.0], "width": 640}}, {"class_name": "PinholeCameraParameters", "extrinsic": [0.4612920082312341, 0.044582631174764326, -0.8861275710300013, 0.0, -0.6149906281496325, 0.735955319472849, -0.28311887084356874, 0.0, 0.6395281154336503, 0.6755606240280373, 0.366908207638822, 0.0, -0.7361770598205647, -0.7090251769996553, -0.21460950424056957, 1.0], "intrinsic": {"height": 480, "intrinsic_matrix": [594.6319, 0.0, 0.0, 0.0, 594.5186, 0.0, 326.8489, 236.473, 1.0], "width": 640}}, {"class_name": "PinholeCameraParameters", "extrinsic": [-0.005340435223358863, 0.11933289885525798, -0.9928399362447233, 0.0, -0.6917914277804014, 0.7164870685911785, 0.08983819338774264, 0.0, 0.7220776275451125, 0.687317932104511, 0.07872712370206764, 0.0, -0.8362629569512345, -0.7301980016829487, 0.15432040751275122, 1.0], "intrinsic": {"height": 480, "intrinsic_matrix": [594.6319, 0.0, 0.0, 0.0, 594.5186, 0.0, 326.8489, 236.473, 1.0], "width": 640}}]}