{"class_name": "PinholeCameraTrajectory", "parameters": [{"class_name": "PinholeCameraParameters", "extrinsic": [0.9998241339801525, -0.018554777379176605, 0.002724214978222676, 0.0, 0.01570680052651531, 0.7491314559482628, -0.6622351229933792, 0.0, 0.010246830146861768, 0.6621614470393491, 0.7492911453678714, 0.0, 0.0061704221092452214, -0.6878140041326313, -0.8477468618541354, 1.0], "intrinsic": {"height": 480, "intrinsic_matrix": [594.6319, 0.0, 0.0, 0.0, 594.5186, 0.0, 326.8489, 236.473, 1.0], "width": 640}}, {"class_name": "PinholeCameraParameters", "extrinsic": [0.851342667184898, -0.0015904551623321897, -0.5246075995283344, 0.0, -0.3406409572136213, 0.7588339810083523, -0.5550988448336052, 0.0, 0.3989729330406915, 0.651282165976769, 0.6454859711732825, 0.0, -0.5387936657384147, -0.6765313136193101, -0.6812687249919847, 1.0], "intrinsic": {"height": 480, "intrinsic_matrix": [594.6319, 0.0, 0.0, 0.0, 594.5186, 0.0, 326.8489, 236.473, 1.0], "width": 640}}, {"class_name": "PinholeCameraParameters", "extrinsic": [0.4689704493002201, 0.08907117314435259, -0.8787110126758619, 0.0, -0.6130959725719711, 0.7489769457068034, -0.25129039618683624, 0.0, 0.6357515600446287, 0.65658195293078, 0.40585723227068926, 0.0, -0.8522597937564118, -0.690318209908515, -0.3040451623985311, 1.0], "intrinsic": {"height": 480, "intrinsic_matrix": [594.6319, 0.0, 0.0, 0.0, 594.5186, 0.0, 326.8489, 236.473, 1.0], "width": 640}}, {"class_name": "PinholeCameraParameters", "extrinsic": [-0.6593315939188402, -0.1675635385948606, -0.7329422281421712, 0.0, -0.654631667377014, 0.6074014313688946, 0.45002320077770136, 0.0, 0.3697826785121646, 0.7765217071689524, -0.5101713525549858, 0.0, -0.47320707878326096, -0.817466677153187, 0.8771672330814324, 1.0], "intrinsic": {"height": 480, "intrinsic_matrix": [594.6319, 0.0, 0.0, 0.0, 594.5186, 0.0, 326.8489, 236.473, 1.0], "width": 640}}]}