{"intrinsic": {"fx": 647.302978515625, "fy": 694.7332763671875, "ppx": 252.8042473678288, "ppy": 236.9809379074468}, "dist": [0.09921718633227439, -1.1645498132794279, -0.003274072134242213, -0.009549113879067933, 2.0988729157065107]}