{
    "intrinsic_depth": {
        "fx": 456.43359375,
        "fy": 455.796875,
        "ppx": 341.421875,
        "ppy": 251.80859375
    },
    "intrinsic_rgb": {
        "fx": 594.64318848,
        "fy": 594.51861572,
        "ppx": 326.84893799,
        "ppy": 236.47299194
    },
    "depth_scale": 0.0002500000118743628,
    "dist_rgb": [
        0.14893871545791626,
        -0.4737859070301056,
        -0.001483525731600821,
        0.00021258369088172913,
        0.42953887581825256
    ]
}