{
    "rotation": {
        "r11": 9.99986172e-01,
        "r12": 4.60144877e-03,
        "r13": 2.54564988e-03,
        "r21": -4.66419989e-03,
        "r22": 9.99671042e-01,
        "r23": 2.52197012e-02,
        "r31": -2.42876541e-03,
        "r32": -2.52312254e-02,
        "r33": 9.99678671e-01
    },
    "translation": {
        "t1": -3.25388246e-04,
        "t2": 1.35215586e-02,
        "t3": -6.01826468e-03
    }
}