{"rotation": {"r11": 0.9592436859469802, "r12": -0.2777023719091835, "r13": -0.05227756313051182, "r21": 0.27451831856927605, "r22": 0.9596661126026168, "r23": -0.06066832033342317, "r31": 0.06701674224213394, "r32": 0.04384455448735768, "r33": 0.9967880473305528}, "translation": {"t1": 5.414640541775177, "t2": 5.7125109973580175, "t3": 38.419992934630024}, "ret": 0.0}