{
    "class_name": "PinholeCameraTrajectory",
    "parameters": [
        {
            "class_name": "PinholeCameraParameters",
            "extrinsic": [
                0.9999160011073085,
                0.0006969925801189881,
                -0.012942369601915296,
                0.0,
                0.0007336513341424291,
                -0.9999957322774583,
                0.0028279290284896398,
                0.0,
                -0.012940343321922811,
                -0.00283718667230804,
                -0.9999122450927874,
                0.0,
                -0.0020772956636273335,
                -0.00011604392223154544,
                0.00045740731155914074,
                1.0
            ],
            "intrinsic": {
                "height": 480,
                "intrinsic_matrix": [
                    594.6319,
                    0.0,
                    0.0,
                    0.0,
                    594.5186,
                    0.0,
                    326.8489,
                    236.473,
                    1.0
                ],
                "width": 640
            }
        },
        {
            "class_name": "PinholeCameraParameters",
            "extrinsic": [
                0.9999160011073085,
                0.0006969925801189881,
                -0.012942369601915296,
                0.0,
                0.0007336513341424291,
                -0.9999957322774583,
                0.0028279290284896398,
                0.0,
                -0.012940343321922811,
                -0.00283718667230804,
                -0.9999122450927874,
                0.0,
                -0.0020772956636273335,
                -0.00011604392223154544,
                0.00045740731155914074,
                1.0
            ],
            "intrinsic": {
                "height": 480,
                "intrinsic_matrix": [
                    594.6319,
                    0.0,
                    0.0,
                    0.0,
                    594.5186,
                    0.0,
                    326.8489,
                    236.473,
                    1.0
                ],
                "width": 640
            }
        },
        {
            "class_name": "PinholeCameraParameters",
            "extrinsic": [
                0.9999160011073085,
                0.0006969925801189881,
                -0.012942369601915296,
                0.0,
                0.0007336513341424291,
                -0.9999957322774583,
                0.0028279290284896398,
                0.0,
                -0.012940343321922811,
                -0.00283718667230804,
                -0.9999122450927874,
                0.0,
                -0.0020772956636273335,
                -0.00011604392223154544,
                0.00045740731155914074,
                1.0
            ],
            "intrinsic": {
                "height": 480,
                "intrinsic_matrix": [
                    594.6319,
                    0.0,
                    0.0,
                    0.0,
                    594.5186,
                    0.0,
                    326.8489,
                    236.473,
                    1.0
                ],
                "width": 640
            }
        },
        {
            "class_name": "PinholeCameraParameters",
            "extrinsic": [
                0.9999160011073085,
                0.0006969925801189881,
                -0.012942369601915296,
                0.0,
                0.0007336513341424291,
                -0.9999957322774583,
                0.0028279290284896398,
                0.0,
                -0.012940343321922811,
                -0.00283718667230804,
                -0.9999122450927874,
                0.0,
                -0.0020772956636273335,
                -0.00011604392223154544,
                0.00045740731155914074,
                1.0
            ],
            "intrinsic": {
                "height": 480,
                "intrinsic_matrix": [
                    594.6319,
                    0.0,
                    0.0,
                    0.0,
                    594.5186,
                    0.0,
                    326.8489,
                    236.473,
                    1.0
                ],
                "width": 640
            }
        },
        {
            "class_name": "PinholeCameraParameters",
            "extrinsic": [
                0.9999160011073085,
                0.0006969925801189881,
                -0.012942369601915296,
                0.0,
                0.0007336513341424291,
                -0.9999957322774583,
                0.0028279290284896398,
                0.0,
                -0.012940343321922811,
                -0.00283718667230804,
                -0.9999122450927874,
                0.0,
                -0.0020772956636273335,
                -0.00011604392223154544,
                0.00045740731155914074,
                1.0
            ],
            "intrinsic": {
                "height": 480,
                "intrinsic_matrix": [
                    594.6319,
                    0.0,
                    0.0,
                    0.0,
                    594.5186,
                    0.0,
                    326.8489,
                    236.473,
                    1.0
                ],
                "width": 640
            }
        },
        {
            "class_name": "PinholeCameraParameters",
            "extrinsic": [
                0.9999160011073085,
                0.0006969925801189881,
                -0.012942369601915296,
                0.0,
                0.0007336513341424291,
                -0.9999957322774583,
                0.0028279290284896398,
                0.0,
                -0.012940343321922811,
                -0.00283718667230804,
                -0.9999122450927874,
                0.0,
                -0.0020772956636273335,
                -0.00011604392223154544,
                0.00045740731155914074,
                1.0
            ],
            "intrinsic": {
                "height": 480,
                "intrinsic_matrix": [
                    594.6319,
                    0.0,
                    0.0,
                    0.0,
                    594.5186,
                    0.0,
                    326.8489,
                    236.473,
                    1.0
                ],
                "width": 640
            }
        },
        {
            "class_name": "PinholeCameraParameters",
            "extrinsic": [
                0.9999160011073085,
                0.0006969925801189881,
                -0.012942369601915296,
                0.0,
                0.0007336513341424291,
                -0.9999957322774583,
                0.0028279290284896398,
                0.0,
                -0.012940343321922811,
                -0.00283718667230804,
                -0.9999122450927874,
                0.0,
                -0.0020772956636273335,
                -0.00011604392223154544,
                0.00045740731155914074,
                1.0
            ],
            "intrinsic": {
                "height": 480,
                "intrinsic_matrix": [
                    594.6319,
                    0.0,
                    0.0,
                    0.0,
                    594.5186,
                    0.0,
                    326.8489,
                    236.473,
                    1.0
                ],
                "width": 640
            }
        },
        {
            "class_name": "PinholeCameraParameters",